JobID,RunID,Attempt,Status,Conclusion,JobName,StartedAt,CompletedAt,StepName,ExecutionTime,StatusEncoded,SuccessEncoded
29464563620,10628875155,1,completed,failure,"Build, Test and Deploy",2024-08-30 07:46:58,2024-08-30 07:47:31,build (golang),33.0,0,1
29464563893,10628875155,1,completed,failure,"Build, Test and Deploy",2024-08-30 07:46:59,2024-08-30 07:47:18,build (python),19.0,0,1
29464564110,10628875155,1,completed,failure,"Build, Test and Deploy",2024-08-30 07:46:58,2024-08-30 07:47:36,build (java),38.0,0,1
29463682885,10628574886,1,completed,success,"Build, Test and Deploy",2024-08-30 07:22:14,2024-08-30 07:22:41,build (golang),27.0,0,0
29463683126,10628574886,1,completed,success,"Build, Test and Deploy",2024-08-30 07:22:14,2024-08-30 07:22:47,build (python),33.0,0,0
29463683368,10628574886,1,completed,success,"Build, Test and Deploy",2024-08-30 07:22:13,2024-08-30 07:24:01,build (java),108.0,0,0
29462054079,10628002320,1,completed,success,"Build, Test and Deploy",2024-08-30 06:32:49,2024-08-30 06:33:26,build (golang),37.0,0,0
29462054273,10628002320,1,completed,success,"Build, Test and Deploy",2024-08-30 06:32:49,2024-08-30 06:33:34,build (python),45.0,0,0
29462054454,10628002320,1,completed,success,"Build, Test and Deploy",2024-08-30 06:32:49,2024-08-30 06:34:45,build (java),116.0,0,0
29460339223,10627355233,1,completed,success,"Build, Test and Deploy",2024-08-30 05:27:31,2024-08-30 05:28:05,build (golang),34.0,0,0
29460339341,10627355233,1,completed,success,"Build, Test and Deploy",2024-08-30 05:27:31,2024-08-30 05:28:12,build (python),41.0,0,0
29460339472,10627355233,1,completed,success,"Build, Test and Deploy",2024-08-30 05:27:31,2024-08-30 05:29:26,build (java),115.0,0,0
29458986579,10626831431,1,completed,success,"Build, Test and Deploy",2024-08-30 04:28:57,2024-08-30 04:29:33,build (golang),36.0,0,0
29458986739,10626831431,1,completed,success,"Build, Test and Deploy",2024-08-30 04:28:57,2024-08-30 04:29:39,build (python),42.0,0,0
29458986909,10626831431,1,completed,success,"Build, Test and Deploy",2024-08-30 04:28:58,2024-08-30 04:30:57,build (java),119.0,0,0
29457665487,10626321437,1,completed,success,"Build, Test and Deploy",2024-08-30 03:27:06,2024-08-30 03:27:34,build (golang),28.0,0,0
29457665606,10626321437,1,completed,success,"Build, Test and Deploy",2024-08-30 03:27:06,2024-08-30 03:27:41,build (python),35.0,0,0
29457665734,10626321437,1,completed,success,"Build, Test and Deploy",2024-08-30 03:27:06,2024-08-30 03:28:58,build (java),112.0,0,0
29456772188,10625965374,1,completed,success,"Build, Test and Deploy",2024-08-30 02:47:47,2024-08-30 02:48:19,build (golang),32.0,0,0
29456772352,10625965374,1,completed,success,"Build, Test and Deploy",2024-08-30 02:47:47,2024-08-30 02:48:27,build (python),40.0,0,0
29456772510,10625965374,1,completed,success,"Build, Test and Deploy",2024-08-30 02:47:47,2024-08-30 02:49:38,build (java),111.0,0,0
29455275260,10625393963,1,completed,success,"Build, Test and Deploy",2024-08-30 01:45:31,2024-08-30 01:46:02,build (golang),31.0,0,0
29455275357,10625393963,1,completed,success,"Build, Test and Deploy",2024-08-30 01:45:32,2024-08-30 01:46:11,build (python),39.0,0,0
29455275477,10625393963,1,completed,success,"Build, Test and Deploy",2024-08-30 01:45:32,2024-08-30 01:47:24,build (java),112.0,0,0
29451707010,10624073958,1,completed,success,"Build, Test and Deploy",2024-08-29 23:23:44,2024-08-29 23:24:19,build (golang),35.0,0,0
29451707161,10624073958,1,completed,success,"Build, Test and Deploy",2024-08-29 23:23:44,2024-08-29 23:24:27,build (python),43.0,0,0
29451707349,10624073958,1,completed,success,"Build, Test and Deploy",2024-08-29 23:23:43,2024-08-29 23:25:41,build (java),118.0,0,0
29450148024,10623540000,1,completed,success,"Build, Test and Deploy",2024-08-29 22:28:05,2024-08-29 22:28:41,build (golang),36.0,0,0
29450148394,10623540000,1,completed,success,"Build, Test and Deploy",2024-08-29 22:28:04,2024-08-29 22:28:49,build (python),45.0,0,0
29450148648,10623540000,1,completed,success,"Build, Test and Deploy",2024-08-29 22:28:06,2024-08-29 22:30:08,build (java),122.0,0,0
29447986778,10622836875,1,completed,success,"Build, Test and Deploy",2024-08-29 21:23:34,2024-08-29 21:24:08,build (golang),34.0,0,0
29447987097,10622836875,1,completed,success,"Build, Test and Deploy",2024-08-29 21:23:34,2024-08-29 21:24:14,build (python),40.0,0,0
29447987358,10622836875,1,completed,success,"Build, Test and Deploy",2024-08-29 21:23:33,2024-08-29 21:25:34,build (java),121.0,0,0
29445675726,10622127671,1,completed,success,"Build, Test and Deploy",2024-08-29 20:24:57,2024-08-29 20:25:34,build (golang),37.0,0,0
29445675998,10622127671,1,completed,success,"Build, Test and Deploy",2024-08-29 20:24:56,2024-08-29 20:25:40,build (python),44.0,0,0
29445676251,10622127671,1,completed,success,"Build, Test and Deploy",2024-08-29 20:24:57,2024-08-29 20:26:54,build (java),117.0,0,0
29442990260,10621307325,1,completed,success,"Build, Test and Deploy",2024-08-29 19:20:20,2024-08-29 19:20:51,build (golang),31.0,0,0
29442990550,10621307325,1,completed,success,"Build, Test and Deploy",2024-08-29 19:20:20,2024-08-29 19:21:01,build (python),41.0,0,0
29442990875,10621307325,1,completed,success,"Build, Test and Deploy",2024-08-29 19:20:21,2024-08-29 19:22:15,build (java),114.0,0,0
29440922047,10620664787,1,completed,success,"Build, Test and Deploy",2024-08-29 18:31:45,2024-08-29 18:32:22,build (golang),37.0,0,0
29440922402,10620664787,1,completed,success,"Build, Test and Deploy",2024-08-29 18:31:44,2024-08-29 18:32:32,build (python),48.0,0,0
29440922748,10620664787,1,completed,success,"Build, Test and Deploy",2024-08-29 18:31:44,2024-08-29 18:33:45,build (java),121.0,0,0
29438016677,10619755451,1,completed,success,"Build, Test and Deploy",2024-08-29 17:25:10,2024-08-29 17:25:38,build (golang),28.0,0,0
29438017056,10619755451,1,completed,success,"Build, Test and Deploy",2024-08-29 17:25:11,2024-08-29 17:25:46,build (python),35.0,0,0
29438017339,10619755451,1,completed,success,"Build, Test and Deploy",2024-08-29 17:25:11,2024-08-29 17:27:00,build (java),109.0,0,0
29435561717,10618999526,1,completed,success,"Build, Test and Deploy",2024-08-29 16:30:31,2024-08-29 16:31:07,build (golang),36.0,0,0
29435562004,10618999526,1,completed,success,"Build, Test and Deploy",2024-08-29 16:30:31,2024-08-29 16:31:15,build (python),44.0,0,0
29435562339,10618999526,1,completed,success,"Build, Test and Deploy",2024-08-29 16:30:31,2024-08-29 16:32:30,build (java),119.0,0,0
29432323260,10618042953,1,completed,success,"Build, Test and Deploy",2024-08-29 15:26:38,2024-08-29 15:27:16,build (golang),38.0,0,0
29432323650,10618042953,1,completed,success,"Build, Test and Deploy",2024-08-29 15:26:38,2024-08-29 15:27:23,build (python),45.0,0,0
29432323961,10618042953,1,completed,success,"Build, Test and Deploy",2024-08-29 15:26:38,2024-08-29 15:28:37,build (java),119.0,0,0
29428950858,10617062781,1,completed,success,"Build, Test and Deploy",2024-08-29 14:28:16,2024-08-29 14:28:45,build (golang),29.0,0,0
29428951376,10617062781,1,completed,success,"Build, Test and Deploy",2024-08-29 14:28:15,2024-08-29 14:28:53,build (python),38.0,0,0
29428952233,10617062781,1,completed,success,"Build, Test and Deploy",2024-08-29 14:28:16,2024-08-29 14:30:14,build (java),118.0,0,0
29425463862,10616037721,1,completed,success,"Build, Test and Deploy",2024-08-29 13:28:09,2024-08-29 13:28:42,build (golang),33.0,0,0
29425464317,10616037721,1,completed,success,"Build, Test and Deploy",2024-08-29 13:28:10,2024-08-29 13:28:53,build (python),43.0,0,0
29425464795,10616037721,1,completed,success,"Build, Test and Deploy",2024-08-29 13:28:12,2024-08-29 13:30:15,build (java),123.0,0,0
29423139569,10615317453,1,completed,success,"Build, Test and Deploy",2024-08-29 12:46:05,2024-08-29 12:46:40,build (golang),35.0,0,0
29423139859,10615317453,1,completed,success,"Build, Test and Deploy",2024-08-29 12:46:06,2024-08-29 12:46:52,build (python),46.0,0,0
29423140216,10615317453,1,completed,success,"Build, Test and Deploy",2024-08-29 12:46:06,2024-08-29 12:48:01,build (java),115.0,0,0
29419136328,10614050444,1,completed,success,"Build, Test and Deploy",2024-08-29 11:21:37,2024-08-29 11:22:13,build (golang),36.0,0,0
29419136690,10614050444,1,completed,success,"Build, Test and Deploy",2024-08-29 11:21:38,2024-08-29 11:22:21,build (python),43.0,0,0
29419136999,10614050444,1,completed,success,"Build, Test and Deploy",2024-08-29 11:21:37,2024-08-29 11:23:31,build (java),114.0,0,0
29416898997,10613330648,1,completed,success,"Build, Test and Deploy",2024-08-29 10:29:53,2024-08-29 10:30:29,build (golang),36.0,0,0
29416899473,10613330648,1,completed,success,"Build, Test and Deploy",2024-08-29 10:29:54,2024-08-29 10:30:36,build (python),42.0,0,0
29416899794,10613330648,1,completed,success,"Build, Test and Deploy",2024-08-29 10:29:53,2024-08-29 10:31:49,build (java),116.0,0,0
29413947967,10612395552,1,completed,success,"Build, Test and Deploy",2024-08-29 09:26:32,2024-08-29 09:27:05,build (golang),33.0,0,0
29413948285,10612395552,1,completed,success,"Build, Test and Deploy",2024-08-29 09:26:32,2024-08-29 09:27:13,build (python),41.0,0,0
29413948631,10612395552,1,completed,success,"Build, Test and Deploy",2024-08-29 09:26:31,2024-08-29 09:28:28,build (java),117.0,0,0
29411170422,10611506216,1,completed,success,"Build, Test and Deploy",2024-08-29 08:29:43,2024-08-29 08:30:18,build (golang),35.0,0,0
29411170768,10611506216,1,completed,success,"Build, Test and Deploy",2024-08-29 08:29:43,2024-08-29 08:30:26,build (python),43.0,0,0
29411171160,10611506216,1,completed,success,"Build, Test and Deploy",2024-08-29 08:29:44,2024-08-29 08:31:49,build (java),125.0,0,0
29408267817,10610560494,1,completed,success,"Build, Test and Deploy",2024-08-29 07:22:43,2024-08-29 07:23:20,build (golang),37.0,0,0
29408268114,10610560494,1,completed,success,"Build, Test and Deploy",2024-08-29 07:22:43,2024-08-29 07:23:28,build (python),45.0,0,0
29408268422,10610560494,1,completed,success,"Build, Test and Deploy",2024-08-29 07:22:44,2024-08-29 07:24:50,build (java),126.0,0,0
29406483362,10609935156,1,completed,success,"Build, Test and Deploy",2024-08-29 06:32:49,2024-08-29 06:33:26,build (golang),37.0,0,0
29406483642,10609935156,1,completed,success,"Build, Test and Deploy",2024-08-29 06:32:50,2024-08-29 06:33:35,build (python),45.0,0,0
29406483848,10609935156,1,completed,success,"Build, Test and Deploy",2024-08-29 06:32:49,2024-08-29 06:34:59,build (java),130.0,0,0
29404634350,10609251367,1,completed,success,"Build, Test and Deploy",2024-08-29 05:27:29,2024-08-29 05:28:12,build (golang),43.0,0,0
29404634519,10609251367,1,completed,success,"Build, Test and Deploy",2024-08-29 05:27:28,2024-08-29 05:28:23,build (python),55.0,0,0
29404634725,10609251367,1,completed,success,"Build, Test and Deploy",2024-08-29 05:27:29,2024-08-29 05:29:48,build (java),139.0,0,0
29403211899,10608704173,1,completed,success,"Build, Test and Deploy",2024-08-29 04:28:23,2024-08-29 04:29:02,build (golang),39.0,0,0
29403211990,10608704173,1,completed,success,"Build, Test and Deploy",2024-08-29 04:28:23,2024-08-29 04:29:12,build (python),49.0,0,0
29403212100,10608704173,1,completed,success,"Build, Test and Deploy",2024-08-29 04:28:23,2024-08-29 04:30:36,build (java),133.0,0,0
29401837852,10608178929,1,completed,success,"Build, Test and Deploy",2024-08-29 03:27:13,2024-08-29 03:27:44,build (golang),31.0,0,0
29401837984,10608178929,1,completed,success,"Build, Test and Deploy",2024-08-29 03:27:12,2024-08-29 03:27:52,build (python),40.0,0,0
29401838117,10608178929,1,completed,success,"Build, Test and Deploy",2024-08-29 03:27:12,2024-08-29 03:29:25,build (java),133.0,0,0
29400861841,10607810770,1,completed,success,"Build, Test and Deploy",2024-08-29 02:47:10,2024-08-29 02:47:45,build (golang),35.0,0,0
29400862130,10607810770,1,completed,success,"Build, Test and Deploy",2024-08-29 02:47:10,2024-08-29 02:47:51,build (python),41.0,0,0
29400862341,10607810770,1,completed,success,"Build, Test and Deploy",2024-08-29 02:47:09,2024-08-29 02:49:16,build (java),127.0,0,0
29464563620,10628875155,1,completed,failure,"Build, Test and Deploy",2024-08-30 07:46:58,2024-08-30 07:47:31,build (golang),33.0,0,1
29464563893,10628875155,1,completed,failure,"Build, Test and Deploy",2024-08-30 07:46:59,2024-08-30 07:47:18,build (python),19.0,0,1
29464564110,10628875155,1,completed,failure,"Build, Test and Deploy",2024-08-30 07:46:58,2024-08-30 07:47:36,build (java),38.0,0,1
29463682885,10628574886,1,completed,success,"Build, Test and Deploy",2024-08-30 07:22:14,2024-08-30 07:22:41,build (golang),27.0,0,0
29463683126,10628574886,1,completed,success,"Build, Test and Deploy",2024-08-30 07:22:14,2024-08-30 07:22:47,build (python),33.0,0,0
29463683368,10628574886,1,completed,success,"Build, Test and Deploy",2024-08-30 07:22:13,2024-08-30 07:24:01,build (java),108.0,0,0
29462054079,10628002320,1,completed,success,"Build, Test and Deploy",2024-08-30 06:32:49,2024-08-30 06:33:26,build (golang),37.0,0,0
29462054273,10628002320,1,completed,success,"Build, Test and Deploy",2024-08-30 06:32:49,2024-08-30 06:33:34,build (python),45.0,0,0
29462054454,10628002320,1,completed,success,"Build, Test and Deploy",2024-08-30 06:32:49,2024-08-30 06:34:45,build (java),116.0,0,0
29460339223,10627355233,1,completed,success,"Build, Test and Deploy",2024-08-30 05:27:31,2024-08-30 05:28:05,build (golang),34.0,0,0
29460339341,10627355233,1,completed,success,"Build, Test and Deploy",2024-08-30 05:27:31,2024-08-30 05:28:12,build (python),41.0,0,0
29460339472,10627355233,1,completed,success,"Build, Test and Deploy",2024-08-30 05:27:31,2024-08-30 05:29:26,build (java),115.0,0,0
29458986579,10626831431,1,completed,success,"Build, Test and Deploy",2024-08-30 04:28:57,2024-08-30 04:29:33,build (golang),36.0,0,0
29458986739,10626831431,1,completed,success,"Build, Test and Deploy",2024-08-30 04:28:57,2024-08-30 04:29:39,build (python),42.0,0,0
29458986909,10626831431,1,completed,success,"Build, Test and Deploy",2024-08-30 04:28:58,2024-08-30 04:30:57,build (java),119.0,0,0
29457665487,10626321437,1,completed,success,"Build, Test and Deploy",2024-08-30 03:27:06,2024-08-30 03:27:34,build (golang),28.0,0,0
29457665606,10626321437,1,completed,success,"Build, Test and Deploy",2024-08-30 03:27:06,2024-08-30 03:27:41,build (python),35.0,0,0
29457665734,10626321437,1,completed,success,"Build, Test and Deploy",2024-08-30 03:27:06,2024-08-30 03:28:58,build (java),112.0,0,0
29456772188,10625965374,1,completed,success,"Build, Test and Deploy",2024-08-30 02:47:47,2024-08-30 02:48:19,build (golang),32.0,0,0
29456772352,10625965374,1,completed,success,"Build, Test and Deploy",2024-08-30 02:47:47,2024-08-30 02:48:27,build (python),40.0,0,0
29456772510,10625965374,1,completed,success,"Build, Test and Deploy",2024-08-30 02:47:47,2024-08-30 02:49:38,build (java),111.0,0,0
29455275260,10625393963,1,completed,success,"Build, Test and Deploy",2024-08-30 01:45:31,2024-08-30 01:46:02,build (golang),31.0,0,0
29455275357,10625393963,1,completed,success,"Build, Test and Deploy",2024-08-30 01:45:32,2024-08-30 01:46:11,build (python),39.0,0,0
29455275477,10625393963,1,completed,success,"Build, Test and Deploy",2024-08-30 01:45:32,2024-08-30 01:47:24,build (java),112.0,0,0
29451707010,10624073958,1,completed,success,"Build, Test and Deploy",2024-08-29 23:23:44,2024-08-29 23:24:19,build (golang),35.0,0,0
29451707161,10624073958,1,completed,success,"Build, Test and Deploy",2024-08-29 23:23:44,2024-08-29 23:24:27,build (python),43.0,0,0
29451707349,10624073958,1,completed,success,"Build, Test and Deploy",2024-08-29 23:23:43,2024-08-29 23:25:41,build (java),118.0,0,0
29450148024,10623540000,1,completed,success,"Build, Test and Deploy",2024-08-29 22:28:05,2024-08-29 22:28:41,build (golang),36.0,0,0
29450148394,10623540000,1,completed,success,"Build, Test and Deploy",2024-08-29 22:28:04,2024-08-29 22:28:49,build (python),45.0,0,0
29450148648,10623540000,1,completed,success,"Build, Test and Deploy",2024-08-29 22:28:06,2024-08-29 22:30:08,build (java),122.0,0,0
29447986778,10622836875,1,completed,success,"Build, Test and Deploy",2024-08-29 21:23:34,2024-08-29 21:24:08,build (golang),34.0,0,0
29447987097,10622836875,1,completed,success,"Build, Test and Deploy",2024-08-29 21:23:34,2024-08-29 21:24:14,build (python),40.0,0,0
29447987358,10622836875,1,completed,success,"Build, Test and Deploy",2024-08-29 21:23:33,2024-08-29 21:25:34,build (java),121.0,0,0
29445675726,10622127671,1,completed,success,"Build, Test and Deploy",2024-08-29 20:24:57,2024-08-29 20:25:34,build (golang),37.0,0,0
29445675998,10622127671,1,completed,success,"Build, Test and Deploy",2024-08-29 20:24:56,2024-08-29 20:25:40,build (python),44.0,0,0
29445676251,10622127671,1,completed,success,"Build, Test and Deploy",2024-08-29 20:24:57,2024-08-29 20:26:54,build (java),117.0,0,0
29442990260,10621307325,1,completed,success,"Build, Test and Deploy",2024-08-29 19:20:20,2024-08-29 19:20:51,build (golang),31.0,0,0
29442990550,10621307325,1,completed,success,"Build, Test and Deploy",2024-08-29 19:20:20,2024-08-29 19:21:01,build (python),41.0,0,0
29442990875,10621307325,1,completed,success,"Build, Test and Deploy",2024-08-29 19:20:21,2024-08-29 19:22:15,build (java),114.0,0,0
29440922047,10620664787,1,completed,success,"Build, Test and Deploy",2024-08-29 18:31:45,2024-08-29 18:32:22,build (golang),37.0,0,0
29440922402,10620664787,1,completed,success,"Build, Test and Deploy",2024-08-29 18:31:44,2024-08-29 18:32:32,build (python),48.0,0,0
29440922748,10620664787,1,completed,success,"Build, Test and Deploy",2024-08-29 18:31:44,2024-08-29 18:33:45,build (java),121.0,0,0
29438016677,10619755451,1,completed,success,"Build, Test and Deploy",2024-08-29 17:25:10,2024-08-29 17:25:38,build (golang),28.0,0,0
29438017056,10619755451,1,completed,success,"Build, Test and Deploy",2024-08-29 17:25:11,2024-08-29 17:25:46,build (python),35.0,0,0
29438017339,10619755451,1,completed,success,"Build, Test and Deploy",2024-08-29 17:25:11,2024-08-29 17:27:00,build (java),109.0,0,0
29435561717,10618999526,1,completed,success,"Build, Test and Deploy",2024-08-29 16:30:31,2024-08-29 16:31:07,build (golang),36.0,0,0
29435562004,10618999526,1,completed,success,"Build, Test and Deploy",2024-08-29 16:30:31,2024-08-29 16:31:15,build (python),44.0,0,0
29435562339,10618999526,1,completed,success,"Build, Test and Deploy",2024-08-29 16:30:31,2024-08-29 16:32:30,build (java),119.0,0,0
29432323260,10618042953,1,completed,success,"Build, Test and Deploy",2024-08-29 15:26:38,2024-08-29 15:27:16,build (golang),38.0,0,0
29432323650,10618042953,1,completed,success,"Build, Test and Deploy",2024-08-29 15:26:38,2024-08-29 15:27:23,build (python),45.0,0,0
29432323961,10618042953,1,completed,success,"Build, Test and Deploy",2024-08-29 15:26:38,2024-08-29 15:28:37,build (java),119.0,0,0
29428950858,10617062781,1,completed,success,"Build, Test and Deploy",2024-08-29 14:28:16,2024-08-29 14:28:45,build (golang),29.0,0,0
29428951376,10617062781,1,completed,success,"Build, Test and Deploy",2024-08-29 14:28:15,2024-08-29 14:28:53,build (python),38.0,0,0
29428952233,10617062781,1,completed,success,"Build, Test and Deploy",2024-08-29 14:28:16,2024-08-29 14:30:14,build (java),118.0,0,0
29425463862,10616037721,1,completed,success,"Build, Test and Deploy",2024-08-29 13:28:09,2024-08-29 13:28:42,build (golang),33.0,0,0
29425464317,10616037721,1,completed,success,"Build, Test and Deploy",2024-08-29 13:28:10,2024-08-29 13:28:53,build (python),43.0,0,0
29425464795,10616037721,1,completed,success,"Build, Test and Deploy",2024-08-29 13:28:12,2024-08-29 13:30:15,build (java),123.0,0,0
29423139569,10615317453,1,completed,success,"Build, Test and Deploy",2024-08-29 12:46:05,2024-08-29 12:46:40,build (golang),35.0,0,0
29423139859,10615317453,1,completed,success,"Build, Test and Deploy",2024-08-29 12:46:06,2024-08-29 12:46:52,build (python),46.0,0,0
29423140216,10615317453,1,completed,success,"Build, Test and Deploy",2024-08-29 12:46:06,2024-08-29 12:48:01,build (java),115.0,0,0
29419136328,10614050444,1,completed,success,"Build, Test and Deploy",2024-08-29 11:21:37,2024-08-29 11:22:13,build (golang),36.0,0,0
29419136690,10614050444,1,completed,success,"Build, Test and Deploy",2024-08-29 11:21:38,2024-08-29 11:22:21,build (python),43.0,0,0
29419136999,10614050444,1,completed,success,"Build, Test and Deploy",2024-08-29 11:21:37,2024-08-29 11:23:31,build (java),114.0,0,0
29416898997,10613330648,1,completed,success,"Build, Test and Deploy",2024-08-29 10:29:53,2024-08-29 10:30:29,build (golang),36.0,0,0
29416899473,10613330648,1,completed,success,"Build, Test and Deploy",2024-08-29 10:29:54,2024-08-29 10:30:36,build (python),42.0,0,0
29416899794,10613330648,1,completed,success,"Build, Test and Deploy",2024-08-29 10:29:53,2024-08-29 10:31:49,build (java),116.0,0,0
29413947967,10612395552,1,completed,success,"Build, Test and Deploy",2024-08-29 09:26:32,2024-08-29 09:27:05,build (golang),33.0,0,0
29413948285,10612395552,1,completed,success,"Build, Test and Deploy",2024-08-29 09:26:32,2024-08-29 09:27:13,build (python),41.0,0,0
29413948631,10612395552,1,completed,success,"Build, Test and Deploy",2024-08-29 09:26:31,2024-08-29 09:28:28,build (java),117.0,0,0
29411170422,10611506216,1,completed,success,"Build, Test and Deploy",2024-08-29 08:29:43,2024-08-29 08:30:18,build (golang),35.0,0,0
29411170768,10611506216,1,completed,success,"Build, Test and Deploy",2024-08-29 08:29:43,2024-08-29 08:30:26,build (python),43.0,0,0
29411171160,10611506216,1,completed,success,"Build, Test and Deploy",2024-08-29 08:29:44,2024-08-29 08:31:49,build (java),125.0,0,0
29408267817,10610560494,1,completed,success,"Build, Test and Deploy",2024-08-29 07:22:43,2024-08-29 07:23:20,build (golang),37.0,0,0
29408268114,10610560494,1,completed,success,"Build, Test and Deploy",2024-08-29 07:22:43,2024-08-29 07:23:28,build (python),45.0,0,0
29408268422,10610560494,1,completed,success,"Build, Test and Deploy",2024-08-29 07:22:44,2024-08-29 07:24:50,build (java),126.0,0,0
29406483362,10609935156,1,completed,success,"Build, Test and Deploy",2024-08-29 06:32:49,2024-08-29 06:33:26,build (golang),37.0,0,0
29406483642,10609935156,1,completed,success,"Build, Test and Deploy",2024-08-29 06:32:50,2024-08-29 06:33:35,build (python),45.0,0,0
29406483848,10609935156,1,completed,success,"Build, Test and Deploy",2024-08-29 06:32:49,2024-08-29 06:34:59,build (java),130.0,0,0
29404634350,10609251367,1,completed,success,"Build, Test and Deploy",2024-08-29 05:27:29,2024-08-29 05:28:12,build (golang),43.0,0,0
29404634519,10609251367,1,completed,success,"Build, Test and Deploy",2024-08-29 05:27:28,2024-08-29 05:28:23,build (python),55.0,0,0
29404634725,10609251367,1,completed,success,"Build, Test and Deploy",2024-08-29 05:27:29,2024-08-29 05:29:48,build (java),139.0,0,0
29403211899,10608704173,1,completed,success,"Build, Test and Deploy",2024-08-29 04:28:23,2024-08-29 04:29:02,build (golang),39.0,0,0
29403211990,10608704173,1,completed,success,"Build, Test and Deploy",2024-08-29 04:28:23,2024-08-29 04:29:12,build (python),49.0,0,0
29403212100,10608704173,1,completed,success,"Build, Test and Deploy",2024-08-29 04:28:23,2024-08-29 04:30:36,build (java),133.0,0,0
29401837852,10608178929,1,completed,success,"Build, Test and Deploy",2024-08-29 03:27:13,2024-08-29 03:27:44,build (golang),31.0,0,0
29401837984,10608178929,1,completed,success,"Build, Test and Deploy",2024-08-29 03:27:12,2024-08-29 03:27:52,build (python),40.0,0,0
29401838117,10608178929,1,completed,success,"Build, Test and Deploy",2024-08-29 03:27:12,2024-08-29 03:29:25,build (java),133.0,0,0
29400861841,10607810770,1,completed,success,"Build, Test and Deploy",2024-08-29 02:47:10,2024-08-29 02:47:45,build (golang),35.0,0,0
29400862130,10607810770,1,completed,success,"Build, Test and Deploy",2024-08-29 02:47:10,2024-08-29 02:47:51,build (python),41.0,0,0
29400862341,10607810770,1,completed,success,"Build, Test and Deploy",2024-08-29 02:47:09,2024-08-29 02:49:16,build (java),127.0,0,0
29464563620,10628875155,1,completed,failure,"Build, Test and Deploy",2024-08-30 07:46:58,2024-08-30 07:47:31,build (golang),33.0,0,1
29464563893,10628875155,1,completed,failure,"Build, Test and Deploy",2024-08-30 07:46:59,2024-08-30 07:47:18,build (python),19.0,0,1
29464564110,10628875155,1,completed,failure,"Build, Test and Deploy",2024-08-30 07:46:58,2024-08-30 07:47:36,build (java),38.0,0,1
29463682885,10628574886,1,completed,success,"Build, Test and Deploy",2024-08-30 07:22:14,2024-08-30 07:22:41,build (golang),27.0,0,0
29463683126,10628574886,1,completed,success,"Build, Test and Deploy",2024-08-30 07:22:14,2024-08-30 07:22:47,build (python),33.0,0,0
29463683368,10628574886,1,completed,success,"Build, Test and Deploy",2024-08-30 07:22:13,2024-08-30 07:24:01,build (java),108.0,0,0
29462054079,10628002320,1,completed,success,"Build, Test and Deploy",2024-08-30 06:32:49,2024-08-30 06:33:26,build (golang),37.0,0,0
29462054273,10628002320,1,completed,success,"Build, Test and Deploy",2024-08-30 06:32:49,2024-08-30 06:33:34,build (python),45.0,0,0
29462054454,10628002320,1,completed,success,"Build, Test and Deploy",2024-08-30 06:32:49,2024-08-30 06:34:45,build (java),116.0,0,0
29460339223,10627355233,1,completed,success,"Build, Test and Deploy",2024-08-30 05:27:31,2024-08-30 05:28:05,build (golang),34.0,0,0
29460339341,10627355233,1,completed,success,"Build, Test and Deploy",2024-08-30 05:27:31,2024-08-30 05:28:12,build (python),41.0,0,0
29460339472,10627355233,1,completed,success,"Build, Test and Deploy",2024-08-30 05:27:31,2024-08-30 05:29:26,build (java),115.0,0,0
29458986579,10626831431,1,completed,success,"Build, Test and Deploy",2024-08-30 04:28:57,2024-08-30 04:29:33,build (golang),36.0,0,0
29458986739,10626831431,1,completed,success,"Build, Test and Deploy",2024-08-30 04:28:57,2024-08-30 04:29:39,build (python),42.0,0,0
29458986909,10626831431,1,completed,success,"Build, Test and Deploy",2024-08-30 04:28:58,2024-08-30 04:30:57,build (java),119.0,0,0
29457665487,10626321437,1,completed,success,"Build, Test and Deploy",2024-08-30 03:27:06,2024-08-30 03:27:34,build (golang),28.0,0,0
29457665606,10626321437,1,completed,success,"Build, Test and Deploy",2024-08-30 03:27:06,2024-08-30 03:27:41,build (python),35.0,0,0
29457665734,10626321437,1,completed,success,"Build, Test and Deploy",2024-08-30 03:27:06,2024-08-30 03:28:58,build (java),112.0,0,0
29456772188,10625965374,1,completed,success,"Build, Test and Deploy",2024-08-30 02:47:47,2024-08-30 02:48:19,build (golang),32.0,0,0
29456772352,10625965374,1,completed,success,"Build, Test and Deploy",2024-08-30 02:47:47,2024-08-30 02:48:27,build (python),40.0,0,0
29456772510,10625965374,1,completed,success,"Build, Test and Deploy",2024-08-30 02:47:47,2024-08-30 02:49:38,build (java),111.0,0,0
29455275260,10625393963,1,completed,success,"Build, Test and Deploy",2024-08-30 01:45:31,2024-08-30 01:46:02,build (golang),31.0,0,0
29455275357,10625393963,1,completed,success,"Build, Test and Deploy",2024-08-30 01:45:32,2024-08-30 01:46:11,build (python),39.0,0,0
29455275477,10625393963,1,completed,success,"Build, Test and Deploy",2024-08-30 01:45:32,2024-08-30 01:47:24,build (java),112.0,0,0
29451707010,10624073958,1,completed,success,"Build, Test and Deploy",2024-08-29 23:23:44,2024-08-29 23:24:19,build (golang),35.0,0,0
29451707161,10624073958,1,completed,success,"Build, Test and Deploy",2024-08-29 23:23:44,2024-08-29 23:24:27,build (python),43.0,0,0
29451707349,10624073958,1,completed,success,"Build, Test and Deploy",2024-08-29 23:23:43,2024-08-29 23:25:41,build (java),118.0,0,0
29450148024,10623540000,1,completed,success,"Build, Test and Deploy",2024-08-29 22:28:05,2024-08-29 22:28:41,build (golang),36.0,0,0
29450148394,10623540000,1,completed,success,"Build, Test and Deploy",2024-08-29 22:28:04,2024-08-29 22:28:49,build (python),45.0,0,0
29450148648,10623540000,1,completed,success,"Build, Test and Deploy",2024-08-29 22:28:06,2024-08-29 22:30:08,build (java),122.0,0,0
29447986778,10622836875,1,completed,success,"Build, Test and Deploy",2024-08-29 21:23:34,2024-08-29 21:24:08,build (golang),34.0,0,0
29447987097,10622836875,1,completed,success,"Build, Test and Deploy",2024-08-29 21:23:34,2024-08-29 21:24:14,build (python),40.0,0,0
29447987358,10622836875,1,completed,success,"Build, Test and Deploy",2024-08-29 21:23:33,2024-08-29 21:25:34,build (java),121.0,0,0
29445675726,10622127671,1,completed,success,"Build, Test and Deploy",2024-08-29 20:24:57,2024-08-29 20:25:34,build (golang),37.0,0,0
29445675998,10622127671,1,completed,success,"Build, Test and Deploy",2024-08-29 20:24:56,2024-08-29 20:25:40,build (python),44.0,0,0
29445676251,10622127671,1,completed,success,"Build, Test and Deploy",2024-08-29 20:24:57,2024-08-29 20:26:54,build (java),117.0,0,0
29442990260,10621307325,1,completed,success,"Build, Test and Deploy",2024-08-29 19:20:20,2024-08-29 19:20:51,build (golang),31.0,0,0
29442990550,10621307325,1,completed,success,"Build, Test and Deploy",2024-08-29 19:20:20,2024-08-29 19:21:01,build (python),41.0,0,0
29442990875,10621307325,1,completed,success,"Build, Test and Deploy",2024-08-29 19:20:21,2024-08-29 19:22:15,build (java),114.0,0,0
29440922047,10620664787,1,completed,success,"Build, Test and Deploy",2024-08-29 18:31:45,2024-08-29 18:32:22,build (golang),37.0,0,0
29440922402,10620664787,1,completed,success,"Build, Test and Deploy",2024-08-29 18:31:44,2024-08-29 18:32:32,build (python),48.0,0,0
29440922748,10620664787,1,completed,success,"Build, Test and Deploy",2024-08-29 18:31:44,2024-08-29 18:33:45,build (java),121.0,0,0
29438016677,10619755451,1,completed,success,"Build, Test and Deploy",2024-08-29 17:25:10,2024-08-29 17:25:38,build (golang),28.0,0,0
29438017056,10619755451,1,completed,success,"Build, Test and Deploy",2024-08-29 17:25:11,2024-08-29 17:25:46,build (python),35.0,0,0
29438017339,10619755451,1,completed,success,"Build, Test and Deploy",2024-08-29 17:25:11,2024-08-29 17:27:00,build (java),109.0,0,0
29435561717,10618999526,1,completed,success,"Build, Test and Deploy",2024-08-29 16:30:31,2024-08-29 16:31:07,build (golang),36.0,0,0
29435562004,10618999526,1,completed,success,"Build, Test and Deploy",2024-08-29 16:30:31,2024-08-29 16:31:15,build (python),44.0,0,0
29435562339,10618999526,1,completed,success,"Build, Test and Deploy",2024-08-29 16:30:31,2024-08-29 16:32:30,build (java),119.0,0,0
29432323260,10618042953,1,completed,success,"Build, Test and Deploy",2024-08-29 15:26:38,2024-08-29 15:27:16,build (golang),38.0,0,0
29432323650,10618042953,1,completed,success,"Build, Test and Deploy",2024-08-29 15:26:38,2024-08-29 15:27:23,build (python),45.0,0,0
29432323961,10618042953,1,completed,success,"Build, Test and Deploy",2024-08-29 15:26:38,2024-08-29 15:28:37,build (java),119.0,0,0
29428950858,10617062781,1,completed,success,"Build, Test and Deploy",2024-08-29 14:28:16,2024-08-29 14:28:45,build (golang),29.0,0,0
29428951376,10617062781,1,completed,success,"Build, Test and Deploy",2024-08-29 14:28:15,2024-08-29 14:28:53,build (python),38.0,0,0
29428952233,10617062781,1,completed,success,"Build, Test and Deploy",2024-08-29 14:28:16,2024-08-29 14:30:14,build (java),118.0,0,0
29425463862,10616037721,1,completed,success,"Build, Test and Deploy",2024-08-29 13:28:09,2024-08-29 13:28:42,build (golang),33.0,0,0
29425464317,10616037721,1,completed,success,"Build, Test and Deploy",2024-08-29 13:28:10,2024-08-29 13:28:53,build (python),43.0,0,0
29425464795,10616037721,1,completed,success,"Build, Test and Deploy",2024-08-29 13:28:12,2024-08-29 13:30:15,build (java),123.0,0,0
29423139569,10615317453,1,completed,success,"Build, Test and Deploy",2024-08-29 12:46:05,2024-08-29 12:46:40,build (golang),35.0,0,0
29423139859,10615317453,1,completed,success,"Build, Test and Deploy",2024-08-29 12:46:06,2024-08-29 12:46:52,build (python),46.0,0,0
29423140216,10615317453,1,completed,success,"Build, Test and Deploy",2024-08-29 12:46:06,2024-08-29 12:48:01,build (java),115.0,0,0
29419136328,10614050444,1,completed,success,"Build, Test and Deploy",2024-08-29 11:21:37,2024-08-29 11:22:13,build (golang),36.0,0,0
29419136690,10614050444,1,completed,success,"Build, Test and Deploy",2024-08-29 11:21:38,2024-08-29 11:22:21,build (python),43.0,0,0
29419136999,10614050444,1,completed,success,"Build, Test and Deploy",2024-08-29 11:21:37,2024-08-29 11:23:31,build (java),114.0,0,0
29416898997,10613330648,1,completed,success,"Build, Test and Deploy",2024-08-29 10:29:53,2024-08-29 10:30:29,build (golang),36.0,0,0
29416899473,10613330648,1,completed,success,"Build, Test and Deploy",2024-08-29 10:29:54,2024-08-29 10:30:36,build (python),42.0,0,0
29416899794,10613330648,1,completed,success,"Build, Test and Deploy",2024-08-29 10:29:53,2024-08-29 10:31:49,build (java),116.0,0,0
29413947967,10612395552,1,completed,success,"Build, Test and Deploy",2024-08-29 09:26:32,2024-08-29 09:27:05,build (golang),33.0,0,0
29413948285,10612395552,1,completed,success,"Build, Test and Deploy",2024-08-29 09:26:32,2024-08-29 09:27:13,build (python),41.0,0,0
29413948631,10612395552,1,completed,success,"Build, Test and Deploy",2024-08-29 09:26:31,2024-08-29 09:28:28,build (java),117.0,0,0
29411170422,10611506216,1,completed,success,"Build, Test and Deploy",2024-08-29 08:29:43,2024-08-29 08:30:18,build (golang),35.0,0,0
29411170768,10611506216,1,completed,success,"Build, Test and Deploy",2024-08-29 08:29:43,2024-08-29 08:30:26,build (python),43.0,0,0
29411171160,10611506216,1,completed,success,"Build, Test and Deploy",2024-08-29 08:29:44,2024-08-29 08:31:49,build (java),125.0,0,0
29408267817,10610560494,1,completed,success,"Build, Test and Deploy",2024-08-29 07:22:43,2024-08-29 07:23:20,build (golang),37.0,0,0
29408268114,10610560494,1,completed,success,"Build, Test and Deploy",2024-08-29 07:22:43,2024-08-29 07:23:28,build (python),45.0,0,0
29408268422,10610560494,1,completed,success,"Build, Test and Deploy",2024-08-29 07:22:44,2024-08-29 07:24:50,build (java),126.0,0,0
29406483362,10609935156,1,completed,success,"Build, Test and Deploy",2024-08-29 06:32:49,2024-08-29 06:33:26,build (golang),37.0,0,0
29406483642,10609935156,1,completed,success,"Build, Test and Deploy",2024-08-29 06:32:50,2024-08-29 06:33:35,build (python),45.0,0,0
29406483848,10609935156,1,completed,success,"Build, Test and Deploy",2024-08-29 06:32:49,2024-08-29 06:34:59,build (java),130.0,0,0
29404634350,10609251367,1,completed,success,"Build, Test and Deploy",2024-08-29 05:27:29,2024-08-29 05:28:12,build (golang),43.0,0,0
29404634519,10609251367,1,completed,success,"Build, Test and Deploy",2024-08-29 05:27:28,2024-08-29 05:28:23,build (python),55.0,0,0
29404634725,10609251367,1,completed,success,"Build, Test and Deploy",2024-08-29 05:27:29,2024-08-29 05:29:48,build (java),139.0,0,0
29403211899,10608704173,1,completed,success,"Build, Test and Deploy",2024-08-29 04:28:23,2024-08-29 04:29:02,build (golang),39.0,0,0
29403211990,10608704173,1,completed,success,"Build, Test and Deploy",2024-08-29 04:28:23,2024-08-29 04:29:12,build (python),49.0,0,0
29403212100,10608704173,1,completed,success,"Build, Test and Deploy",2024-08-29 04:28:23,2024-08-29 04:30:36,build (java),133.0,0,0
29401837852,10608178929,1,completed,success,"Build, Test and Deploy",2024-08-29 03:27:13,2024-08-29 03:27:44,build (golang),31.0,0,0
29401837984,10608178929,1,completed,success,"Build, Test and Deploy",2024-08-29 03:27:12,2024-08-29 03:27:52,build (python),40.0,0,0
29401838117,10608178929,1,completed,success,"Build, Test and Deploy",2024-08-29 03:27:12,2024-08-29 03:29:25,build (java),133.0,0,0
29400861841,10607810770,1,completed,success,"Build, Test and Deploy",2024-08-29 02:47:10,2024-08-29 02:47:45,build (golang),35.0,0,0
29400862130,10607810770,1,completed,success,"Build, Test and Deploy",2024-08-29 02:47:10,2024-08-29 02:47:51,build (python),41.0,0,0
29400862341,10607810770,1,completed,success,"Build, Test and Deploy",2024-08-29 02:47:09,2024-08-29 02:49:16,build (java),127.0,0,0
29464563620,10628875155,1,completed,failure,"Build, Test and Deploy",2024-08-30 07:46:58,2024-08-30 07:47:31,build (golang),33.0,0,1
29464563893,10628875155,1,completed,failure,"Build, Test and Deploy",2024-08-30 07:46:59,2024-08-30 07:47:18,build (python),19.0,0,1
29464564110,10628875155,1,completed,failure,"Build, Test and Deploy",2024-08-30 07:46:58,2024-08-30 07:47:36,build (java),38.0,0,1
29463682885,10628574886,1,completed,success,"Build, Test and Deploy",2024-08-30 07:22:14,2024-08-30 07:22:41,build (golang),27.0,0,0
29463683126,10628574886,1,completed,success,"Build, Test and Deploy",2024-08-30 07:22:14,2024-08-30 07:22:47,build (python),33.0,0,0
29463683368,10628574886,1,completed,success,"Build, Test and Deploy",2024-08-30 07:22:13,2024-08-30 07:24:01,build (java),108.0,0,0
29462054079,10628002320,1,completed,success,"Build, Test and Deploy",2024-08-30 06:32:49,2024-08-30 06:33:26,build (golang),37.0,0,0
29462054273,10628002320,1,completed,success,"Build, Test and Deploy",2024-08-30 06:32:49,2024-08-30 06:33:34,build (python),45.0,0,0
29462054454,10628002320,1,completed,success,"Build, Test and Deploy",2024-08-30 06:32:49,2024-08-30 06:34:45,build (java),116.0,0,0
29460339223,10627355233,1,completed,success,"Build, Test and Deploy",2024-08-30 05:27:31,2024-08-30 05:28:05,build (golang),34.0,0,0
29460339341,10627355233,1,completed,success,"Build, Test and Deploy",2024-08-30 05:27:31,2024-08-30 05:28:12,build (python),41.0,0,0
29460339472,10627355233,1,completed,success,"Build, Test and Deploy",2024-08-30 05:27:31,2024-08-30 05:29:26,build (java),115.0,0,0
29458986579,10626831431,1,completed,success,"Build, Test and Deploy",2024-08-30 04:28:57,2024-08-30 04:29:33,build (golang),36.0,0,0
29458986739,10626831431,1,completed,success,"Build, Test and Deploy",2024-08-30 04:28:57,2024-08-30 04:29:39,build (python),42.0,0,0
29458986909,10626831431,1,completed,success,"Build, Test and Deploy",2024-08-30 04:28:58,2024-08-30 04:30:57,build (java),119.0,0,0
29457665487,10626321437,1,completed,success,"Build, Test and Deploy",2024-08-30 03:27:06,2024-08-30 03:27:34,build (golang),28.0,0,0
29457665606,10626321437,1,completed,success,"Build, Test and Deploy",2024-08-30 03:27:06,2024-08-30 03:27:41,build (python),35.0,0,0
29457665734,10626321437,1,completed,success,"Build, Test and Deploy",2024-08-30 03:27:06,2024-08-30 03:28:58,build (java),112.0,0,0
29456772188,10625965374,1,completed,success,"Build, Test and Deploy",2024-08-30 02:47:47,2024-08-30 02:48:19,build (golang),32.0,0,0
29456772352,10625965374,1,completed,success,"Build, Test and Deploy",2024-08-30 02:47:47,2024-08-30 02:48:27,build (python),40.0,0,0
29456772510,10625965374,1,completed,success,"Build, Test and Deploy",2024-08-30 02:47:47,2024-08-30 02:49:38,build (java),111.0,0,0
29455275260,10625393963,1,completed,success,"Build, Test and Deploy",2024-08-30 01:45:31,2024-08-30 01:46:02,build (golang),31.0,0,0
29455275357,10625393963,1,completed,success,"Build, Test and Deploy",2024-08-30 01:45:32,2024-08-30 01:46:11,build (python),39.0,0,0
29455275477,10625393963,1,completed,success,"Build, Test and Deploy",2024-08-30 01:45:32,2024-08-30 01:47:24,build (java),112.0,0,0
29451707010,10624073958,1,completed,success,"Build, Test and Deploy",2024-08-29 23:23:44,2024-08-29 23:24:19,build (golang),35.0,0,0
29451707161,10624073958,1,completed,success,"Build, Test and Deploy",2024-08-29 23:23:44,2024-08-29 23:24:27,build (python),43.0,0,0
29451707349,10624073958,1,completed,success,"Build, Test and Deploy",2024-08-29 23:23:43,2024-08-29 23:25:41,build (java),118.0,0,0
29450148024,10623540000,1,completed,success,"Build, Test and Deploy",2024-08-29 22:28:05,2024-08-29 22:28:41,build (golang),36.0,0,0
29450148394,10623540000,1,completed,success,"Build, Test and Deploy",2024-08-29 22:28:04,2024-08-29 22:28:49,build (python),45.0,0,0
29450148648,10623540000,1,completed,success,"Build, Test and Deploy",2024-08-29 22:28:06,2024-08-29 22:30:08,build (java),122.0,0,0
29447986778,10622836875,1,completed,success,"Build, Test and Deploy",2024-08-29 21:23:34,2024-08-29 21:24:08,build (golang),34.0,0,0
29447987097,10622836875,1,completed,success,"Build, Test and Deploy",2024-08-29 21:23:34,2024-08-29 21:24:14,build (python),40.0,0,0
29447987358,10622836875,1,completed,success,"Build, Test and Deploy",2024-08-29 21:23:33,2024-08-29 21:25:34,build (java),121.0,0,0
29445675726,10622127671,1,completed,success,"Build, Test and Deploy",2024-08-29 20:24:57,2024-08-29 20:25:34,build (golang),37.0,0,0
29445675998,10622127671,1,completed,success,"Build, Test and Deploy",2024-08-29 20:24:56,2024-08-29 20:25:40,build (python),44.0,0,0
29445676251,10622127671,1,completed,success,"Build, Test and Deploy",2024-08-29 20:24:57,2024-08-29 20:26:54,build (java),117.0,0,0
29442990260,10621307325,1,completed,success,"Build, Test and Deploy",2024-08-29 19:20:20,2024-08-29 19:20:51,build (golang),31.0,0,0
29442990550,10621307325,1,completed,success,"Build, Test and Deploy",2024-08-29 19:20:20,2024-08-29 19:21:01,build (python),41.0,0,0
29442990875,10621307325,1,completed,success,"Build, Test and Deploy",2024-08-29 19:20:21,2024-08-29 19:22:15,build (java),114.0,0,0
29440922047,10620664787,1,completed,success,"Build, Test and Deploy",2024-08-29 18:31:45,2024-08-29 18:32:22,build (golang),37.0,0,0
29440922402,10620664787,1,completed,success,"Build, Test and Deploy",2024-08-29 18:31:44,2024-08-29 18:32:32,build (python),48.0,0,0
29440922748,10620664787,1,completed,success,"Build, Test and Deploy",2024-08-29 18:31:44,2024-08-29 18:33:45,build (java),121.0,0,0
29438016677,10619755451,1,completed,success,"Build, Test and Deploy",2024-08-29 17:25:10,2024-08-29 17:25:38,build (golang),28.0,0,0
29438017056,10619755451,1,completed,success,"Build, Test and Deploy",2024-08-29 17:25:11,2024-08-29 17:25:46,build (python),35.0,0,0
29438017339,10619755451,1,completed,success,"Build, Test and Deploy",2024-08-29 17:25:11,2024-08-29 17:27:00,build (java),109.0,0,0
29435561717,10618999526,1,completed,success,"Build, Test and Deploy",2024-08-29 16:30:31,2024-08-29 16:31:07,build (golang),36.0,0,0
29435562004,10618999526,1,completed,success,"Build, Test and Deploy",2024-08-29 16:30:31,2024-08-29 16:31:15,build (python),44.0,0,0
29435562339,10618999526,1,completed,success,"Build, Test and Deploy",2024-08-29 16:30:31,2024-08-29 16:32:30,build (java),119.0,0,0
29432323260,10618042953,1,completed,success,"Build, Test and Deploy",2024-08-29 15:26:38,2024-08-29 15:27:16,build (golang),38.0,0,0
29432323650,10618042953,1,completed,success,"Build, Test and Deploy",2024-08-29 15:26:38,2024-08-29 15:27:23,build (python),45.0,0,0
29432323961,10618042953,1,completed,success,"Build, Test and Deploy",2024-08-29 15:26:38,2024-08-29 15:28:37,build (java),119.0,0,0
29428950858,10617062781,1,completed,success,"Build, Test and Deploy",2024-08-29 14:28:16,2024-08-29 14:28:45,build (golang),29.0,0,0
29428951376,10617062781,1,completed,success,"Build, Test and Deploy",2024-08-29 14:28:15,2024-08-29 14:28:53,build (python),38.0,0,0
29428952233,10617062781,1,completed,success,"Build, Test and Deploy",2024-08-29 14:28:16,2024-08-29 14:30:14,build (java),118.0,0,0
29425463862,10616037721,1,completed,success,"Build, Test and Deploy",2024-08-29 13:28:09,2024-08-29 13:28:42,build (golang),33.0,0,0
29425464317,10616037721,1,completed,success,"Build, Test and Deploy",2024-08-29 13:28:10,2024-08-29 13:28:53,build (python),43.0,0,0
29425464795,10616037721,1,completed,success,"Build, Test and Deploy",2024-08-29 13:28:12,2024-08-29 13:30:15,build (java),123.0,0,0
29423139569,10615317453,1,completed,success,"Build, Test and Deploy",2024-08-29 12:46:05,2024-08-29 12:46:40,build (golang),35.0,0,0
29423139859,10615317453,1,completed,success,"Build, Test and Deploy",2024-08-29 12:46:06,2024-08-29 12:46:52,build (python),46.0,0,0
29423140216,10615317453,1,completed,success,"Build, Test and Deploy",2024-08-29 12:46:06,2024-08-29 12:48:01,build (java),115.0,0,0
29419136328,10614050444,1,completed,success,"Build, Test and Deploy",2024-08-29 11:21:37,2024-08-29 11:22:13,build (golang),36.0,0,0
29419136690,10614050444,1,completed,success,"Build, Test and Deploy",2024-08-29 11:21:38,2024-08-29 11:22:21,build (python),43.0,0,0
29419136999,10614050444,1,completed,success,"Build, Test and Deploy",2024-08-29 11:21:37,2024-08-29 11:23:31,build (java),114.0,0,0
29416898997,10613330648,1,completed,success,"Build, Test and Deploy",2024-08-29 10:29:53,2024-08-29 10:30:29,build (golang),36.0,0,0
29416899473,10613330648,1,completed,success,"Build, Test and Deploy",2024-08-29 10:29:54,2024-08-29 10:30:36,build (python),42.0,0,0
29416899794,10613330648,1,completed,success,"Build, Test and Deploy",2024-08-29 10:29:53,2024-08-29 10:31:49,build (java),116.0,0,0
29413947967,10612395552,1,completed,success,"Build, Test and Deploy",2024-08-29 09:26:32,2024-08-29 09:27:05,build (golang),33.0,0,0
29413948285,10612395552,1,completed,success,"Build, Test and Deploy",2024-08-29 09:26:32,2024-08-29 09:27:13,build (python),41.0,0,0
29413948631,10612395552,1,completed,success,"Build, Test and Deploy",2024-08-29 09:26:31,2024-08-29 09:28:28,build (java),117.0,0,0
29411170422,10611506216,1,completed,success,"Build, Test and Deploy",2024-08-29 08:29:43,2024-08-29 08:30:18,build (golang),35.0,0,0
29411170768,10611506216,1,completed,success,"Build, Test and Deploy",2024-08-29 08:29:43,2024-08-29 08:30:26,build (python),43.0,0,0
29411171160,10611506216,1,completed,success,"Build, Test and Deploy",2024-08-29 08:29:44,2024-08-29 08:31:49,build (java),125.0,0,0
29408267817,10610560494,1,completed,success,"Build, Test and Deploy",2024-08-29 07:22:43,2024-08-29 07:23:20,build (golang),37.0,0,0
29408268114,10610560494,1,completed,success,"Build, Test and Deploy",2024-08-29 07:22:43,2024-08-29 07:23:28,build (python),45.0,0,0
29408268422,10610560494,1,completed,success,"Build, Test and Deploy",2024-08-29 07:22:44,2024-08-29 07:24:50,build (java),126.0,0,0
29406483362,10609935156,1,completed,success,"Build, Test and Deploy",2024-08-29 06:32:49,2024-08-29 06:33:26,build (golang),37.0,0,0
29406483642,10609935156,1,completed,success,"Build, Test and Deploy",2024-08-29 06:32:50,2024-08-29 06:33:35,build (python),45.0,0,0
29406483848,10609935156,1,completed,success,"Build, Test and Deploy",2024-08-29 06:32:49,2024-08-29 06:34:59,build (java),130.0,0,0
29404634350,10609251367,1,completed,success,"Build, Test and Deploy",2024-08-29 05:27:29,2024-08-29 05:28:12,build (golang),43.0,0,0
29404634519,10609251367,1,completed,success,"Build, Test and Deploy",2024-08-29 05:27:28,2024-08-29 05:28:23,build (python),55.0,0,0
29404634725,10609251367,1,completed,success,"Build, Test and Deploy",2024-08-29 05:27:29,2024-08-29 05:29:48,build (java),139.0,0,0
29403211899,10608704173,1,completed,success,"Build, Test and Deploy",2024-08-29 04:28:23,2024-08-29 04:29:02,build (golang),39.0,0,0
29403211990,10608704173,1,completed,success,"Build, Test and Deploy",2024-08-29 04:28:23,2024-08-29 04:29:12,build (python),49.0,0,0
29403212100,10608704173,1,completed,success,"Build, Test and Deploy",2024-08-29 04:28:23,2024-08-29 04:30:36,build (java),133.0,0,0
29401837852,10608178929,1,completed,success,"Build, Test and Deploy",2024-08-29 03:27:13,2024-08-29 03:27:44,build (golang),31.0,0,0
29401837984,10608178929,1,completed,success,"Build, Test and Deploy",2024-08-29 03:27:12,2024-08-29 03:27:52,build (python),40.0,0,0
29401838117,10608178929,1,completed,success,"Build, Test and Deploy",2024-08-29 03:27:12,2024-08-29 03:29:25,build (java),133.0,0,0
29400861841,10607810770,1,completed,success,"Build, Test and Deploy",2024-08-29 02:47:10,2024-08-29 02:47:45,build (golang),35.0,0,0
29400862130,10607810770,1,completed,success,"Build, Test and Deploy",2024-08-29 02:47:10,2024-08-29 02:47:51,build (python),41.0,0,0
29400862341,10607810770,1,completed,success,"Build, Test and Deploy",2024-08-29 02:47:09,2024-08-29 02:49:16,build (java),127.0,0,0
29464563620,10628875155,1,completed,failure,"Build, Test and Deploy",2024-08-30 07:46:58,2024-08-30 07:47:31,build (golang),33.0,0,1
29464563893,10628875155,1,completed,failure,"Build, Test and Deploy",2024-08-30 07:46:59,2024-08-30 07:47:18,build (python),19.0,0,1
29464564110,10628875155,1,completed,failure,"Build, Test and Deploy",2024-08-30 07:46:58,2024-08-30 07:47:36,build (java),38.0,0,1
29463682885,10628574886,1,completed,success,"Build, Test and Deploy",2024-08-30 07:22:14,2024-08-30 07:22:41,build (golang),27.0,0,0
29463683126,10628574886,1,completed,success,"Build, Test and Deploy",2024-08-30 07:22:14,2024-08-30 07:22:47,build (python),33.0,0,0
29463683368,10628574886,1,completed,success,"Build, Test and Deploy",2024-08-30 07:22:13,2024-08-30 07:24:01,build (java),108.0,0,0
29462054079,10628002320,1,completed,success,"Build, Test and Deploy",2024-08-30 06:32:49,2024-08-30 06:33:26,build (golang),37.0,0,0
29462054273,10628002320,1,completed,success,"Build, Test and Deploy",2024-08-30 06:32:49,2024-08-30 06:33:34,build (python),45.0,0,0
29462054454,10628002320,1,completed,success,"Build, Test and Deploy",2024-08-30 06:32:49,2024-08-30 06:34:45,build (java),116.0,0,0
29460339223,10627355233,1,completed,success,"Build, Test and Deploy",2024-08-30 05:27:31,2024-08-30 05:28:05,build (golang),34.0,0,0
29460339341,10627355233,1,completed,success,"Build, Test and Deploy",2024-08-30 05:27:31,2024-08-30 05:28:12,build (python),41.0,0,0
29460339472,10627355233,1,completed,success,"Build, Test and Deploy",2024-08-30 05:27:31,2024-08-30 05:29:26,build (java),115.0,0,0
29458986579,10626831431,1,completed,success,"Build, Test and Deploy",2024-08-30 04:28:57,2024-08-30 04:29:33,build (golang),36.0,0,0
29458986739,10626831431,1,completed,success,"Build, Test and Deploy",2024-08-30 04:28:57,2024-08-30 04:29:39,build (python),42.0,0,0
29458986901,10626831431,1,completed,success,"Build, Test and Deploy",2024-08-30 04:28:57,2024-08-30 04:30:51,build (java),114.0,0,0
29457633925,10626307629,1,completed,failure,"Build, Test and Deploy",2024-08-30 03:30:23,2024-08-30 03:30:56,build (golang),33.0,0,1
29457634085,10626307629,1,completed,failure,"Build, Test and Deploy",2024-08-30 03:30:23,2024-08-30 03:30:42,build (python),19.0,0,1
29457634246,10626307629,1,completed,failure,"Build, Test and Deploy",2024-08-30 03:30:23,2024-08-30 03:31:01,build (java),38.0,0,1
29456281271,10625783827,1,completed,success,"Build, Test and Deploy",2024-08-30 02:31:49,2024-08-30 02:32:25,build (golang),36.0,0,0
29456281431,10625783827,1,completed,success,"Build, Test and Deploy",2024-08-30 02:31:49,2024-08-30 02:32:31,build (python),42.0,0,0
29456281592,10625783827,1,completed,success,"Build, Test and Deploy",2024-08-30 02:31:49,2024-08-30 02:33:43,build (java),114.0,0,0
29454928617,10625260025,1,completed,success,"Build, Test and Deploy",2024-08-30 01:33:15,2024-08-30 01:33:51,build (golang),36.0,0,0
29454928777,10625260025,1,completed,success,"Build, Test and Deploy",2024-08-30 01:33:15,2024-08-30 01:33:57,build (python),42.0,0,0
29454928938,10625260025,1,completed,success,"Build, Test and Deploy",2024-08-30 01:33:15,2024-08-30 01:35:09,build (java),114.0,0,0
29453575963,10624736223,1,completed,success,"Build, Test and Deploy",2024-08-30 00:34:41,2024-08-30 00:35:17,build (golang),36.0,0,0
29453576123,10624736223,1,completed,success,"Build, Test and Deploy",2024-08-30 00:34:41,2024-08-30 00:35:23,build (python),42.0,0,0
29453576284,10624736223,1,completed,success,"Build, Test and Deploy",2024-08-30 00:34:41,2024-08-30 00:36:35,build (java),114.0,0,0
29452223309,10624212421,1,completed,failure,"Build, Test and Deploy",2024-08-29 23:36:07,2024-08-29 23:36:40,build (golang),33.0,0,1
29452223469,10624212421,1,completed,failure,"Build, Test and Deploy",2024-08-29 23:36:07,2024-08-29 23:36:26,build (python),19.0,0,1
29452223630,10624212421,1,completed,failure,"Build, Test and Deploy",2024-08-29 23:36:07,2024-08-29 23:36:45,build (java),38.0,0,1
29450870655,10623688619,1,completed,success,"Build, Test and Deploy",2024-08-29 22:37:33,2024-08-29 22:38:09,build (golang),36.0,0,0
29450870815,10623688619,1,completed,success,"Build, Test and Deploy",2024-08-29 22:37:33,2024-08-29 22:38:15,build (python),42.0,0,0
29450870976,10623688619,1,completed,success,"Build, Test and Deploy",2024-08-29 22:37:33,2024-08-29 22:39:27,build (java),114.0,0,0
29449518001,10623164817,1,completed,success,"Build, Test and Deploy",2024-08-29 21:38:59,2024-08-29 21:39:35,build (golang),36.0,0,0
29449518161,10623164817,1,completed,success,"Build, Test and Deploy",2024-08-29 21:38:59,2024-08-29 21:39:41,build (python),42.0,0,0
29449518322,10623164817,1,completed,success,"Build, Test and Deploy",2024-08-29 21:38:59,2024-08-29 21:40:53,build (java),114.0,0,0
29448165347,10622641015,1,completed,success,"Build, Test and Deploy",2024-08-29 20:40:25,2024-08-29 20:41:01,build (golang),36.0,0,0
29448165507,10622641015,1,completed,success,"Build, Test and Deploy",2024-08-29 20:40:25,2024-08-29 20:41:07,build (python),42.0,0,0
29448165668,10622641015,1,completed,success,"Build, Test and Deploy",2024-08-29 20:40:25,2024-08-29 20:42:19,build (java),114.0,0,0
29446812693,10622117213,1,completed,failure,"Build, Test and Deploy",2024-08-29 19:41:51,2024-08-29 19:42:24,build (golang),33.0,0,1
29446812853,10622117213,1,completed,failure,"Build, Test and Deploy",2024-08-29 19:41:51,2024-08-29 19:42:10,build (python),19.0,0,1
29446813014,10622117213,1,completed,failure,"Build, Test and Deploy",2024-08-29 19:41:51,2024-08-29 19:42:29,build (java),38.0,0,1
29445460039,10621593411,1,completed,success,"Build, Test and Deploy",2024-08-29 18:43:17,2024-08-29 18:43:53,build (golang),36.0,0,0
29445460199,10621593411,1,completed,success,"Build, Test and Deploy",2024-08-29 18:43:17,2024-08-29 18:43:59,build (python),42.0,0,0
29445460360,10621593411,1,completed,success,"Build, Test and Deploy",2024-08-29 18:43:17,2024-08-29 18:45:11,build (java),114.0,0,0
29444107385,10621069609,1,completed,success,"Build, Test and Deploy",2024-08-29 17:44:43,2024-08-29 17:45:19,build (golang),36.0,0,0
29444107545,10621069609,1,completed,success,"Build, Test and Deploy",2024-08-29 17:44:43,2024-08-29 17:45:25,build (python),42.0,0,0
29444107706,10621069609,1,completed,success,"Build, Test and Deploy",2024-08-29 17:44:43,2024-08-29 17:46:37,build (java),114.0,0,0
29442754731,10620545807,1,completed,success,"Build, Test and Deploy",2024-08-29 16:46:09,2024-08-29 16:46:45,build (golang),36.0,0,0
29442754891,10620545807,1,completed,success,"Build, Test and Deploy",2024-08-29 16:46:09,2024-08-29 16:46:51,build (python),42.0,0,0
29442755052,10620545807,1,completed,success,"Build, Test and Deploy",2024-08-29 16:46:09,2024-08-29 16:48:03,build (java),114.0,0,0
29441402077,10620022005,1,completed,failure,"Build, Test and Deploy",2024-08-29 15:47:35,2024-08-29 15:48:08,build (golang),33.0,0,1
29441402237,10620022005,1,completed,failure,"Build, Test and Deploy",2024-08-29 15:47:35,2024-08-29 15:47:54,build (python),19.0,0,1
29441402398,10620022005,1,completed,failure,"Build, Test and Deploy",2024-08-29 15:47:35,2024-08-29 15:48:13,build (java),38.0,0,1
29440049423,10619498203,1,completed,success,"Build, Test and Deploy",2024-08-29 14:49:01,2024-08-29 14:49:37,build (golang),36.0,0,0
29440049583,10619498203,1,completed,success,"Build, Test and Deploy",2024-08-29 14:49:01,2024-08-29 14:49:43,build (python),42.0,0,0
29440049744,10619498203,1,completed,success,"Build, Test and Deploy",2024-08-29 14:49:01,2024-08-29 14:50:55,build (java),114.0,0,0
29438696769,10618974401,1,completed,success,"Build, Test and Deploy",2024-08-29 13:50:27,2024-08-29 13:51:03,build (golang),36.0,0,0
29438696929,10618974401,1,completed,success,"Build, Test and Deploy",2024-08-29 13:50:27,2024-08-29 13:51:09,build (python),42.0,0,0
29438697090,10618974401,1,completed,success,"Build, Test and Deploy",2024-08-29 13:50:27,2024-08-29 13:52:21,build (java),114.0,0,0
29437344115,10618450599,1,completed,success,"Build, Test and Deploy",2024-08-29 12:51:53,2024-08-29 12:52:29,build (golang),36.0,0,0
29437344275,10618450599,1,completed,success,"Build, Test and Deploy",2024-08-29 12:51:53,2024-08-29 12:52:35,build (python),42.0,0,0
29437344436,10618450599,1,completed,success,"Build, Test and Deploy",2024-08-29 12:51:53,2024-08-29 12:53:47,build (java),114.0,0,0
29435991461,10617926797,1,completed,failure,"Build, Test and Deploy",2024-08-29 11:53:19,2024-08-29 11:53:52,build (golang),33.0,0,1
29435991621,10617926797,1,completed,failure,"Build, Test and Deploy",2024-08-29 11:53:19,2024-08-29 11:53:38,build (python),19.0,0,1
29435991782,10617926797,1,completed,failure,"Build, Test and Deploy",2024-08-29 11:53:19,2024-08-29 11:53:57,build (java),38.0,0,1
29434638807,10617402995,1,completed,success,"Build, Test and Deploy",2024-08-29 10:54:45,2024-08-29 10:55:21,build (golang),36.0,0,0
29434638967,10617402995,1,completed,success,"Build, Test and Deploy",2024-08-29 10:54:45,2024-08-29 10:55:27,build (python),42.0,0,0
29434639128,10617402995,1,completed,success,"Build, Test and Deploy",2024-08-29 10:54:45,2024-08-29 10:56:39,build (java),114.0,0,0
29433286153,10616879193,1,completed,success,"Build, Test and Deploy",2024-08-29 09:56:11,2024-08-29 09:56:47,build (golang),36.0,0,0
29433286313,10616879193,1,completed,success,"Build, Test and Deploy",2024-08-29 09:56:11,2024-08-29 09:56:53,build (python),42.0,0,0
29433286474,10616879193,1,completed,success,"Build, Test and Deploy",2024-08-29 09:56:11,2024-08-29 09:58:05,build (java),114.0,0,0
29431933499,10616355391,1,completed,success,"Build, Test and Deploy",2024-08-29 08:57:37,2024-08-29 08:58:13,build (golang),36.0,0,0
29431933659,10616355391,1,completed,success,"Build, Test and Deploy",2024-08-29 08:57:37,2024-08-29 08:58:19,build (python),42.0,0,0
29431933820,10616355391,1,completed,success,"Build, Test and Deploy",2024-08-29 08:57:37,2024-08-29 08:59:31,build (java),114.0,0,0
29430580845,10615831589,1,completed,failure,"Build, Test and Deploy",2024-08-29 07:59:03,2024-08-29 07:59:36,build (golang),33.0,0,1
29430581005,10615831589,1,completed,failure,"Build, Test and Deploy",2024-08-29 07:59:03,2024-08-29 07:59:22,build (python),19.0,0,1
29430581166,10615831589,1,completed,failure,"Build, Test and Deploy",2024-08-29 07:59:03,2024-08-29 07:59:41,build (java),38.0,0,1
29429228191,10615307787,1,completed,success,"Build, Test and Deploy",2024-08-29 07:00:29,2024-08-29 07:01:05,build (golang),36.0,0,0
29429228351,10615307787,1,completed,success,"Build, Test and Deploy",2024-08-29 07:00:29,2024-08-29 07:01:11,build (python),42.0,0,0
29429228512,10615307787,1,completed,success,"Build, Test and Deploy",2024-08-29 07:00:29,2024-08-29 07:02:23,build (java),114.0,0,0
29427875537,10614783985,1,completed,success,Data Processing and Analysis,2024-08-29 06:01:55,2024-08-29 06:03:25,data preparation,90.0,0,0
29427875697,10614783985,1,completed,success,Data Processing and Analysis,2024-08-29 06:03:26,2024-08-29 06:05:56,data analysis,150.0,0,0
29427875858,10614783985,1,completed,success,Data Processing and Analysis,2024-08-29 06:05:57,2024-08-29 06:07:27,generate report,90.0,0,0
29426522883,10614260183,1,completed,success,Data Processing and Analysis,2024-08-29 05:03:21,2024-08-29 05:04:51,data preparation,90.0,0,0
29426523043,10614260183,1,completed,success,Data Processing and Analysis,2024-08-29 05:04:52,2024-08-29 05:07:22,data analysis,150.0,0,0
29426523204,10614260183,1,completed,success,Data Processing and Analysis,2024-08-29 05:07:23,2024-08-29 05:08:53,generate report,90.0,0,0
29425170229,10613736381,1,completed,failure,Data Processing and Analysis,2024-08-29 04:04:47,2024-08-29 04:06:17,data preparation,90.0,0,1
29425170389,10613736381,1,completed,failure,Data Processing and Analysis,2024-08-29 04:06:18,2024-08-29 04:07:48,data analysis,90.0,0,1
29423817575,10613212579,1,completed,success,Data Processing and Analysis,2024-08-29 03:06:13,2024-08-29 03:07:43,data preparation,90.0,0,0
29423817735,10613212579,1,completed,success,Data Processing and Analysis,2024-08-29 03:07:44,2024-08-29 03:10:14,data analysis,150.0,0,0
29423817896,10613212579,1,completed,success,Data Processing and Analysis,2024-08-29 03:10:15,2024-08-29 03:11:45,generate report,90.0,0,0
29422464921,10612688777,1,completed,success,Data Processing and Analysis,2024-08-29 02:07:39,2024-08-29 02:09:09,data preparation,90.0,0,0
29422465081,10612688777,1,completed,success,Data Processing and Analysis,2024-08-29 02:09:10,2024-08-29 02:11:40,data analysis,150.0,0,0
29422465242,10612688777,1,completed,success,Data Processing and Analysis,2024-08-29 02:11:41,2024-08-29 02:13:11,generate report,90.0,0,0
29421112267,10612164975,1,completed,failure,Data Processing and Analysis,2024-08-29 01:09:05,2024-08-29 01:10:35,data preparation,90.0,0,1
29421112427,10612164975,1,completed,failure,Data Processing and Analysis,2024-08-29 01:10:36,2024-08-29 01:12:06,data analysis,90.0,0,1
29421112588,10612164975,1,cancelled,failure,Data Processing and Analysis,2024-08-29 01:12:07,2024-08-29 01:12:37,generate report,30.0,1,1
29419759613,10611641173,1,completed,success,Data Processing and Analysis,2024-08-29 00:10:31,2024-08-29 00:12:01,data preparation,90.0,0,0
29419759773,10611641173,1,completed,success,Data Processing and Analysis,2024-08-29 00:12:02,2024-08-29 00:14:32,data analysis,150.0,0,0
29419759934,10611641173,1,completed,success,Data Processing and Analysis,2024-08-29 00:14:33,2024-08-29 00:16:03,generate report,90.0,0,0
29418406959,10611117371,1,completed,success,Data Processing and Analysis,2024-08-28 23:11:57,2024-08-28 23:13:27,data preparation,90.0,0,0
29418407119,10611117371,1,completed,success,Data Processing and Analysis,2024-08-28 23:13:28,2024-08-28 23:15:58,data analysis,150.0,0,0
29418407280,10611117371,1,completed,success,Data Processing and Analysis,2024-08-28 23:15:59,2024-08-28 23:17:29,generate report,90.0,0,0
29417054305,10610593569,1,completed,success,Data Processing and Analysis,2024-08-28 22:13:23,2024-08-28 22:14:53,data preparation,90.0,0,0
29417054465,10610593569,1,completed,success,Data Processing and Analysis,2024-08-28 22:14:54,2024-08-28 22:17:24,data analysis,150.0,0,0
29417054626,10610593569,1,completed,success,Data Processing and Analysis,2024-08-28 22:17:25,2024-08-28 22:18:55,generate report,90.0,0,0
29415701651,10610069767,1,completed,failure,Data Processing and Analysis,2024-08-28 21:14:49,2024-08-28 21:16:19,data preparation,90.0,0,1
29415701811,10610069767,1,completed,failure,Data Processing and Analysis,2024-08-28 21:16:20,2024-08-28 21:17:50,data analysis,90.0,0,1
29415701972,10610069767,1,skipped,failure,Data Processing and Analysis,2024-08-28 21:17:51,2024-08-28 21:17:51,generate report,0.0,2,1
29414348997,10609545965,1,completed,success,Data Processing and Analysis,2024-08-28 20:16:15,2024-08-28 20:17:45,data preparation,90.0,0,0
29414349157,10609545965,1,completed,success,Data Processing and Analysis,2024-08-28 20:17:46,2024-08-28 20:20:16,data analysis,150.0,0,0
29414349318,10609545965,1,completed,success,Data Processing and Analysis,2024-08-28 20:20:17,2024-08-28 20:21:47,generate report,90.0,0,0
29412996343,10609022163,1,completed,success,Data Processing and Analysis,2024-08-28 19:17:41,2024-08-28 19:19:11,data preparation,90.0,0,0
29412996503,10609022163,1,completed,success,Data Processing and Analysis,2024-08-28 19:19:12,2024-08-28 19:21:42,data analysis,150.0,0,0
29412996664,10609022163,1,completed,success,Data Processing and Analysis,2024-08-28 19:21:43,2024-08-28 19:23:13,generate report,90.0,0,0
29411643689,10608498361,1,completed,failure,Data Processing and Analysis,2024-08-28 18:19:07,2024-08-28 18:20:37,data preparation,90.0,0,1
29411643849,10608498361,1,completed,failure,Data Processing and Analysis,2024-08-28 18:20:38,2024-08-28 18:22:08,data analysis,90.0,0,1
29411644010,10608498361,1,cancelled,failure,Data Processing and Analysis,2024-08-28 18:22:09,2024-08-28 18:22:39,generate report,30.0,1,1
29411643689,10608498361,1,completed,failure,Data Processing and Analysis,2024-08-28 18:19:07,2024-08-28 18:20:37,data preparation,90.0,0,1
29411643849,10608498361,1,completed,failure,Data Processing and Analysis,2024-08-28 18:20:38,2024-08-28 18:22:08,data analysis,90.0,0,1
29411644010,10608498361,1,cancelled,failure,Data Processing and Analysis,2024-08-28 18:22:09,2024-08-28 18:22:39,generate report,30.0,1,1
29410291035,10607974559,1,completed,success,CodeQL,2024-08-28 17:20:33,2024-08-28 17:21:03,initialize CodeQL,30.0,0,0
29410291195,10607974559,1,completed,success,CodeQL,2024-08-28 17:21:04,2024-08-28 17:26:04,perform CodeQL analysis,300.0,0,0
29410291356,10607974559,1,completed,success,CodeQL,2024-08-28 17:26:05,2024-08-28 17:26:35,upload SARIF results,30.0,0,0
29408938381,10607450757,1,completed,success,Linting,2024-08-28 16:21:59,2024-08-28 16:22:29,install dependencies,30.0,0,0
29408938541,10607450757,1,completed,success,Linting,2024-08-28 16:22:30,2024-08-28 16:23:30,run ESLint,60.0,0,0
29408938702,10607450757,1,completed,success,Linting,2024-08-28 16:23:31,2024-08-28 16:24:31,run Prettier,60.0,0,0
29407585727,10606926955,1,completed,failure,CodeQL,2024-08-28 15:23:25,2024-08-28 15:23:55,initialize CodeQL,30.0,0,1
29407585887,10606926955,1,completed,failure,CodeQL,2024-08-28 15:23:56,2024-08-28 15:28:56,perform CodeQL analysis,300.0,0,1
29407586048,10606926955,1,skipped,failure,CodeQL,2024-08-28 15:28:57,2024-08-28 15:28:57,upload SARIF results,0.0,2,1
29406233073,10606403153,1,completed,success,Linting,2024-08-28 14:24:51,2024-08-28 14:25:21,install dependencies,30.0,0,0
29406233233,10606403153,1,completed,success,Linting,2024-08-28 14:25:22,2024-08-28 14:26:22,run ESLint,60.0,0,0
29406233394,10606403153,1,completed,success,Linting,2024-08-28 14:26:23,2024-08-28 14:27:23,run Prettier,60.0,0,0
29404880419,10605879351,1,completed,success,CodeQL,2024-08-28 13:26:17,2024-08-28 13:26:47,initialize CodeQL,30.0,0,0
29404880579,10605879351,1,completed,success,CodeQL,2024-08-28 13:26:48,2024-08-28 13:31:48,perform CodeQL analysis,300.0,0,0
29404880740,10605879351,1,completed,success,CodeQL,2024-08-28 13:31:49,2024-08-28 13:32:19,upload SARIF results,30.0,0,0
29403527765,10605355549,1,completed,failure,Linting,2024-08-28 12:27:43,2024-08-28 12:28:13,install dependencies,30.0,0,1
29403527925,10605355549,1,completed,failure,Linting,2024-08-28 12:28:14,2024-08-28 12:29:14,run ESLint,60.0,0,1
29403528086,10605355549,1,cancelled,failure,Linting,2024-08-28 12:29:15,2024-08-28 12:29:45,run Prettier,30.0,1,1
29402175111,10604831747,1,completed,success,CodeQL,2024-08-28 11:29:09,2024-08-28 11:29:39,initialize CodeQL,30.0,0,0
29402175271,10604831747,1,completed,success,CodeQL,2024-08-28 11:29:40,2024-08-28 11:34:40,perform CodeQL analysis,300.0,0,0
29402175432,10604831747,1,completed,success,CodeQL,2024-08-28 11:34:41,2024-08-28 11:35:11,upload SARIF results,30.0,0,0
29400822457,10604307945,1,completed,success,Linting,2024-08-28 10:30:35,2024-08-28 10:31:05,install dependencies,30.0,0,0
29400822617,10604307945,1,completed,success,Linting,2024-08-28 10:31:06,2024-08-28 10:32:06,run ESLint,60.0,0,0
29400822778,10604307945,1,completed,success,Linting,2024-08-28 10:32:07,2024-08-28 10:33:07,run Prettier,60.0,0,0
29399469803,10603784143,1,completed,failure,CodeQL,2024-08-28 09:32:01,2024-08-28 09:32:31,initialize CodeQL,30.0,0,1
29399469963,10603784143,1,completed,failure,CodeQL,2024-08-28 09:32:32,2024-08-28 09:37:32,perform CodeQL analysis,300.0,0,1
29399470124,10603784143,1,skipped,failure,CodeQL,2024-08-28 09:37:33,2024-08-28 09:37:33,upload SARIF results,0.0,2,1
29398117149,10603260341,1,completed,success,Linting,2024-08-28 08:33:27,2024-08-28 08:33:57,install dependencies,30.0,0,0
29398117309,10603260341,1,completed,success,Linting,2024-08-28 08:33:58,2024-08-28 08:34:58,run ESLint,60.0,0,0
29398117470,10603260341,1,completed,success,Linting,2024-08-28 08:34:59,2024-08-28 08:35:59,run Prettier,60.0,0,0
29396764495,10602736539,1,completed,success,CodeQL,2024-08-28 07:34:53,2024-08-28 07:35:23,initialize CodeQL,30.0,0,0
29396764655,10602736539,1,completed,success,CodeQL,2024-08-28 07:35:24,2024-08-28 07:40:24,perform CodeQL analysis,300.0,0,0
29396764816,10602736539,1,completed,success,CodeQL,2024-08-28 07:40:25,2024-08-28 07:40:55,upload SARIF results,30.0,0,0
29395411841,10602212737,1,completed,failure,Linting,2024-08-28 06:36:19,2024-08-28 06:36:49,install dependencies,30.0,0,1
29395412001,10602212737,1,completed,failure,Linting,2024-08-28 06:36:50,2024-08-28 06:37:50,run ESLint,60.0,0,1
29395412162,10602212737,1,cancelled,failure,Linting,2024-08-28 06:37:51,2024-08-28 06:38:21,run Prettier,30.0,1,1
29394059187,10601688935,1,completed,success,CodeQL,2024-08-28 05:37:45,2024-08-28 05:38:15,initialize CodeQL,30.0,0,0
29394059347,10601688935,1,completed,success,CodeQL,2024-08-28 05:38:16,2024-08-28 05:43:16,perform CodeQL analysis,300.0,0,0
29394059508,10601688935,1,completed,success,CodeQL,2024-08-28 05:43:17,2024-08-28 05:43:47,upload SARIF results,30.0,0,0
29392706533,10601165133,1,completed,success,Linting,2024-08-28 04:39:11,2024-08-28 04:39:41,install dependencies,30.0,0,0
29392706693,10601165133,1,completed,success,Linting,2024-08-28 04:39:42,2024-08-28 04:40:42,run ESLint,60.0,0,0
29392706854,10601165133,1,completed,success,Linting,2024-08-28 04:40:43,2024-08-28 04:41:43,run Prettier,60.0,0,0
29391353879,10600641331,1,completed,failure,CodeQL,2024-08-28 03:40:37,2024-08-28 03:41:07,initialize CodeQL,30.0,0,1
29391354039,10600641331,1,completed,failure,CodeQL,2024-08-28 03:41:08,2024-08-28 03:46:08,perform CodeQL analysis,300.0,0,1
29391354200,10600641331,1,skipped,failure,CodeQL,2024-08-28 03:46:09,2024-08-28 03:46:09,upload SARIF results,0.0,2,1
29390001225,10600117529,1,completed,success,Linting,2024-08-28 02:42:03,2024-08-28 02:42:33,install dependencies,30.0,0,0
29390001385,10600117529,1,completed,success,Linting,2024-08-28 02:42:34,2024-08-28 02:43:34,run ESLint,60.0,0,0
29390001546,10600117529,1,completed,success,Linting,2024-08-28 02:43:35,2024-08-28 02:44:35,run Prettier,60.0,0,0
